Project ID,Project code,Item code,Item description,Item category name,Units expected,Units Produced,Units remaining,Due date,Project status,Runnable,BOM After Production
1835582,GCC397037,GCC41110,12/9oz XM MKCAR SUB400,Co-Pack Finished Good,23847,0,23847,2019-Jun-20 12:00 AM,Open,False,"GCC0500: 32304.747600000002
GCC102231: 132836.0
GCC1706: 4970483.0
GCC3737: 24.117199999999997
GCC5139: 75474.0
GCC77091: -9729.576"
1833064,GCC396641,GCC41345,6/5.62oz ID 72% SQ SUB300,,9000,0,9000,2019-Jul-20 12:00 AM,Open,False,
1833063,GCC396646,GCC41346,6/4.87oz ID 86% SQ SUB300,,5500,0,5500,2019-Jul-20 12:00 AM,Open,False,
1832030,GCC396870,GCC40926,280/14/24.6oz ED ASST SUB-710,Co-Pack Finished Good,800,0,800,2019-Jul-20 12:00 AM,Open,False,"GCC101998: 4327.0
GCC102134: 8840.0
GCC102475: -73787.0
GCC102515: 9936.0
GCC2513: 14261.0
GCC3737: 36.54999999999999
GCC2618: -749.0
GCC70077: 40364.799999999996
GCC77073: -3513.0
GCC77074: 165359.0
GCC77076: 10228.0
GCC7754: 31144.0
GCC8516: 9793.0
GCC73073: -3218.22"
1832029,GCC396861,GCC83785,12/Gold Bar Tin FG 16,Retail Packaging,250,0,250,2019-Jul-20 12:00 AM,Open,False,"GCC0500: 32759.66
GCC102127: -3.0
GCC1706: 5017677.0
GCC77074: 171111.0
GCC82606: -4.0
GCC83715: -3000.0
GCC84241: 1999.75
GCC84305: 99.0
GCCS-4924: 66.0"
1832028,GCC396857,GCC83413,12/80ct Everyday Asst FG,Retail Packaging,1200,0,1200,2019-Jul-20 12:00 AM,Open,False,"GCC0500: 32712.57
GCC101972: 11.92
GCC1706: 5015777.0
GCC70077: 45469.439999999995
GCC70858: -319.68
GCC77073: 1546.2
GCC77074: 170808.6
GCC77076: 15287.2
GCC77082: 85502.2
GCC77083: 196236.2
GCC84836: -13.25
GCC84858: -14289.0
GCC84948: -11389.0
GCCS-4643: 4825.0
GCC73073: 2664.58"
1832027,GCC396855,GCC83011,12/100ct Asst SqrBag Mini FG,Retail Packaging,270,0,270,2019-Jul-20 12:00 AM,Open,False,"GCC0500: 32747.598
GCC102322: -1.2400000000000002
GCC1706: 5017637.0
GCC73077: -122.472
GCC73078: -118.908
GCC73098: -118.908
GCC82890: -3.24
GCC84788: -3.24
GCC84954: -3240.0
GCCS-4183: 2846.0"
1832026,GCC396628,GCC41335,6/6.38oz ED DK RSP SQ SUB300,,9000,0,9000,2019-Jul-20 12:00 AM,Open,False,"GCC0500: 32712.21
GCC101654: -17625.0
GCC102998: -9000.0
GCC1706: 5000177.0
GCC3737: 70.55
GCC77083: 195257.0
GCC8285: 93616.2"
1832025,GCC396625,GCC41334,6/6.38oz ED DK MNT SQ SUB300,,8000,0,8000,2019-Jul-20 12:00 AM,Open,False,"GCC0500: 32717.81
GCC101649: -24000.0
GCC102998: -8000.0
GCC1706: 5002177.0
GCC3737: 71.75
GCC77082: 84667.0
GCC8285: 93638.4"
1832024,GCC396579,GCC41332,6/6.38oz ED MK CAR SQ SUB300,,13000,0,13000,2019-Jul-20 12:00 AM,Open,False,"GCC0500: 32689.81
GCC101648: -65350.0
GCC102998: -13000.0
GCC1706: 4992177.0
GCC3737: 65.75
GCC77074: 169311.0
GCC8285: 93527.4"
1832023,GCC396548,GCC41344,6/5.2oz ID 92% SUB300 CS,,9000,0,9000,2019-Jul-20 12:00 AM,Open,False,"GCC0500: 32712.21
GCC101315: -4042.0
GCC102998: -9000.0
GCC1706: 5000177.0
GCC3737: 70.55
GCC77062: -1161.0
GCC8285: 93616.2"
1832022,GCC396421,GCC40470,200/10/18.1oz XL-C Gold Sams,Co-Pack Finished Good,200,0,200,2019-Jul-20 12:00 AM,Open,False,"GCC100652: 3102.0
GCC101708: 231520.0
GCC2490: 9138.0
GCC2513: 16661.0
GCC2618: -149.0
GCC2843: 162.0
GCC2863: 20325.0
GCC3737: 73.35
GCC4730: 1729.0
GCC6039: 8082.0
GCC70077: 45023.2
GCC70858: -740.0
GCC77074: 170383.0
GCC77076: 14804.0
GCC7754: 33544.0
GCC8516: 10393.0"
1832021,GCC395984,GCC40506,280/10/30oz MXD Cndymkg PCH,Co-Pack Finished Good,1103,0,1103,2019-Jul-22 12:00 AM,Open,False,"GCC1706: 5015971.0
GCC2513: 13049.0
GCC2618: -1052.0
GCC3771: 1783.0
GCC70177: -15442.0
GCC70178: -15442.0
GCC7754: 29932.0
GCC8516: 9490.0"
1832020,GCC395976,GCC40449,6/4.1OZ ID Salt Car Cas NEST,Co-Pack Finished Good,4500,0,4500,2019-Jul-20 12:00 AM,Open,False,"GCC0500: 32742.81
GCC100638: 149878.0
GCC1706: 5009177.0
GCC3737: 75.94999999999999
GCC4205: 348579.0
GCC77051: -456.3
GCC8285: 93735.9"
1832019,GCC395928,GCC40258,12/5.3oz XM MED AST WIN GIFT,Co-Pack Finished Good,2595,0,2595,2019-Jul-19 12:00 AM,Open,False,"GCC0500: 32722.647
GCC100460: 2384.0
GCC100461: 8632.0
GCC102154: -30044.0
GCC1706: 5012987.0
GCC3480: 474893.0
GCC5162: 135925.0
GCC5163: 171556.0
GCC77074: 170933.88
GCC77075: 97383.44
GCC77076: 15479.44
GCC77082: 85694.44"
1832018,GCC395535,GCC40783,72ct ID BAR SHIPPER 2018,Co-Pack Finished Good,300,0,300,2019-Jul-20 12:00 AM,Open,True,"GCC0500: 32742.600000000002
GCC101323: 102.0
GCC102378: 9845.0
GCC1706: 5017577.0
GCC2561: 14588.0
GCC2817: 8748.0
GCC2895: 8804.71
GCC2942: 4853.0
GCC40434: 16266.0
GCC4207: 1912.0
GCC60721: 12286.0
GCC60725: 18132.0
GCC61175: 43158.0
GCC7956: 2797.0"
1832017,GCC395356,GCC40239,24/0.7 XM MKCAR FB SNWM SUB050,Co-Pack Finished Good,20769,0,20769,2019-Jul-20 12:00 AM,Open,False,"GCC0500: 32646.3036
GCC102151: 653544.0
GCC1706: 4976639.0
GCC3737: 31.504399999999997
GCC4443: 54409.0
GCC4943: 47914.0
GCC73092: -1993.824"
1832016,GCC395150,GCC41293,36/XM BAR WING DSPLY CVS,Co-Pack Finished Good,2510,0,2510,2019-Jul-20 12:00 AM,Open,False,"GCC0500: 32731.235
GCC100476: -10040.0
GCC1706: 5013157.0
GCC4340: 14178.0
GCC4341: -2510.0
GCC4342: -2510.0
GCC4356: -2510.0
GCC60721: 10794.417
GCC60764: 35279.463
GCC61422: 4056.25
GCC7956: 887.0
GCC8285: 93690.5"
1832015,GCC395149,GCC41270,12/4.1oz XM DUO FB SNWM SUB200,Co-Pack Finished Good,3343,0,3343,2019-Jul-20 12:00 AM,Open,False,"GCC0500: 32718.148100000002
GCC100611: 81753.0
GCC100612: 121174.0
GCC102674: -40116.0
GCC1706: 5011491.0
GCC3737: 73.32679999999999
GCC73048: -481.39199999999994
GCC73092: -481.39199999999994
GCC8285: 93637.8181"
1832014,GCC395138,GCC40906,5/4.1oz ID 92% MED SUB SRC,Co-Pack Finished Good,8000,0,8000,2019-Jul-20 12:00 AM,Open,False,"GCC0500: 32725.010000000002
GCC101329: 194746.0
GCC101508: 78444.0
GCC1706: 5002177.0
GCC2895: 8735.92
GCC3737: 73.35
GCC77062: -676.0"
1832013,GCC395130,GCC40890,5/5.32oz DK CAR SQ SUB SRC,Co-Pack Finished Good,4000,0,4000,2019-Jul-20 12:00 AM,Open,True,"GCC0500: 32743.81
GCC101508: 82444.0
GCC101634: 69315.0
GCC1706: 5010177.0
GCC2895: 8810.32
GCC3737: 77.35
GCC77075: 97108.0"
1832012,GCC394882,GCC40888,5/5.32oz DK MNT SQ SUB SRC,Co-Pack Finished Good,12000,0,12000,2019-Jul-20 12:00 AM,Open,False,"GCC0500: 32706.21
GCC101508: 74444.0
GCC102508: 185904.0
GCC1706: 4994177.0
GCC2895: 8661.519999999999
GCC3737: 69.35
GCC76931: -1200.0"
1832011,GCC394880,GCC41189,3/14.8oz XM AST HOL SUB550 WM,Co-Pack Finished Good,12000,0,12000,2019-Jul-20 12:00 AM,Open,False,"GCC0500: 32659.41
GCC102136: 92550.0
GCC102696: -12000.0
GCC1706: 4994177.0
GCC3737: 74.14999999999999
GCC70077: 45230.399999999994
GCC73037: 37950.91
GCC77074: 170607.0
GCC77082: 85243.0"
1832010,GCC394768,GCC84924,36/Filled Grting Tin WIP NGM19,Retail Packaging,576,0,576,2019-Jul-15 12:00 AM,Open,False,"GCC0500: 32746.1364
GCC1706: 5017025.0
GCC77074: 170975.64
GCC77076: 15396.64
GCC77082: 85611.64
GCC83761: -41.471999999999994
GCC83843: -143.07840000000002
GCC84112: -4.4368
GCCS-4993: 206.0"
1832009,GCC394767,GCC84072,12/40ct Assorted FG,Retail Packaging,768,0,768,2019-Jul-15 12:00 AM,Open,False,"GCC0500: 32738.5716
GCC101965: -1.216000000000001
GCC1706: 5016641.0
GCC70077: 45643.392
GCC70858: -119.80799999999999
GCC77073: 1770.84
GCC77074: 171072.408
GCC77076: 15511.84
GCC77082: 85726.84
GCC77083: 196460.84
GCC84805: -9.216000000000001
GCC84857: -5061.0
GCC84948: -6205.0
GCCS-4235: 8154.0"
1832008,GCC394766,GCC84063,12/40ct Milk Choc Caramel FG,Retail Packaging,288,0,288,2019-Jul-15 12:00 AM,Open,False,"GCC0500: 32753.5956
GCC101961: -3.456
GCC1706: 5017601.0
GCC77074: 170906.52
GCC84797: -1.4460000000000002
GCC84857: 699.0
GCC84947: -2256.0
GCCS-4235: 8634.0"
1832007,GCC394765,GCC83028,12/80ct Mk &amp; Cml Sqrs Bag FG,Retail Packaging,312,0,312,2019-Jul-15 12:00 AM,Open,False,"GCC0500: 32749.5996
GCC101970: 1.2559999999999998
GCC1706: 5017553.0
GCC77074: 170583.96
GCC84789: -3.744
GCC84858: -3633.0
GCC84947: -2544.0
GCCS-4643: 5713.0"
1832006,GCC394712,GCC83854,16/Ppmt Brk Keepsake Tin FG 16,Retail Packaging,214,0,214,2019-Jul-15 12:00 AM,Open,False,"GCC0500: 32753.6862
GCC101757: 1.576
GCC1706: 5017749.0
GCC73037: 38261.79200000001
GCC83738: -61.60000000000001
GCC84112: 0.34220000000000006
GCCS-4735: 1389.0"
1832005,GCC394708,GCC83130,12/80ct SNWFLK ASST FG,Retail Packaging,427,0,427,2019-Jul-15 12:00 AM,Open,False,"GCC0500: 32744.8041
GCC102484: 10.876000000000001
GCC1706: 5017323.0
GCC70077: 45658.670399999995
GCC70858: -113.75280000000001
GCC77073: 1750.272
GCC77074: 171049.776
GCC77076: 15491.272
GCC77082: 85706.272
GCC77083: 196440.272
GCC84859: -5.124
GCC84954: -5124.0
GCC84976: -5124.0
GCCS-4643: 5598.0"
1832004,GCC394644,GCC41263,280/14/20.99 XM PBK SUB710 CO,Co-Pack Finished Good,900,0,900,2019-Jul-20 12:00 AM,Open,False,"GCC101998: 4227.0
GCC102134: 8540.0
GCC102315: -252000.0
GCC102535: 14400.0
GCC2513: 13861.0
GCC2618: -849.0
GCC3737: 30.949999999999996
GCC73037: 24018.910000000007
GCC73038: -9349.2
GCC7754: 30744.0
GCC8516: 9693.0"
1832003,GCC394643,GCC41262,280/14/16.07 XM PBK SUB600 BJ,Co-Pack Finished Good,626,0,626,2019-Jul-20 12:00 AM,Open,False,"GCC101998: 4501.0
GCC102134: 9362.0
GCC102374: -175280.0
GCC102535: 19880.0
GCC2513: 14957.0
GCC2618: -575.0
GCC3737: 46.294
GCC73037: 30385.774000000005
GCC73038: -4539.7519999999995
GCC7754: 31840.0
GCC8516: 9967.0"
1832002,GCC394619,GCC40241,12/4.1oz XM MK FB SNWM SUB200,Co-Pack Finished Good,11546,0,11546,2019-Jul-20 12:00 AM,Open,False,"GCC0500: 32609.0482
GCC100611: 73550.0
GCC100612: 112971.0
GCC101360: -88909.0
GCC1706: 4995085.0
GCC3737: 53.6396
GCC73023: 167245.752
GCC8285: 93403.8078"
1832001,GCC394584,GCC41150,78/XM FB SNWM SUB400 DSPLY,Co-Pack Finished Good,1198,0,1198,2019-Jul-20 12:00 AM,Open,False,"GCC0500: 32463.11
GCC1706: 5015781.0
GCC2269: 46750.0
GCC3273: 29670.0
GCC3274: 10762.0
GCC41104: -2595.7066
GCC41156: -2595.7066
GCC41157: -2595.7066
GCC5222: 4882.0
GCC5347: 6866.0"
1832000,GCC394386,GCC40627,10/7.9oz XM PBK SUB400 WM,Co-Pack Finished Good,10010,0,10010,2019-Jul-20 12:00 AM,Open,True,"GCC0500: 32554.402000000002
GCC101412: 29716.0
GCC101413: 42023.0
GCC102355: 682873.0
GCC1706: 4998157.0
GCC3737: 61.33
GCC73037: 34960.19000000001"
1831999,GCC394379,GCC41296,12/5.32oz XM DSSC SUB200 CVS,Co-Pack Finished Good,1360,0,1360,2019-Jul-20 12:00 AM,Booked,True,"GCC0500: 32744.522
GCC100611: 83736.0
GCC100612: 123157.0
GCC101635: 651530.0
GCC1706: 5015457.0
GCC3737: 78.086
GCC77076: 15277.6
GCC8285: 93767.448"
1831998,GCC394378,GCC41295,12/5.32oz XM MK CAR SUB200 CVS,Co-Pack Finished Good,12700,0,12700,2019-Jul-20 12:00 AM,Booked,True,"GCC0500: 32593.7
GCC100611: 72396.0
GCC100612: 111817.0
GCC101633: 535660.0
GCC1706: 4992777.0
GCC3737: 50.87
GCC77074: 168135.0
GCC8285: 93362.61"
1831997,GCC394377,GCC41294,80/XM SUB200 DSPLY WG,Co-Pack Finished Good,4427,0,4427,2019-Jul-20 12:00 AM,Open,False,"GCC0500: 32319.91
GCC101853: 4782.0
GCC102718: -4427.0
GCC1706: 5009323.0
GCC40241: -2951.4809
GCC40607: -2951.4809
GCC41103: -5902.5190999999995
GCC5480: 23795.0
GCC5482: 27348.0
GCC5483: 6880.0
GCC6098: 36346.0
GCC6099: 5193.0
GCC61864: 1380.4809000000005
GCC61866: -7374.4809000000005
GCC61867: -5902.5190999999995
GCC62303: -11805.4809"
1831996,GCC394374,GCC41285,35/XM ASST SUB-200 DSPLY WG,Co-Pack Finished Good,5810,0,5810,2019-Jul-20 12:00 AM,Open,False,"GCC0500: 32530.21
GCC102672: 280.0
GCC102673: 280.0
GCC102974: -5810.0
GCC1706: 5006557.0
GCC40243: -4841.473
GCC41235: -7262.5
GCC41236: -4841.473"
1831995,GCC394372,GCC41013,46/XM ASST BAR SDK WG,Co-Pack Finished Good,2000,0,2000,2019-Jul-20 12:00 AM,Open,False,"GCC0500: 32715.010000000002
GCC100173: 431.0
GCC100174: 11904.0
GCC100175: 4988.0
GCC1706: 5014177.0
GCC2565: 3899.0
GCC2817: 7648.0
GCC3474: 4422.0
GCC40434: 15566.0
GCC60721: 11886.0
GCC60725: 17432.0
GCC60764: 36119.48
GCC61175: 42758.0
GCC61422: 6130.0
GCC61423: 11698.0
GCC61526: 28793.6
GCC7956: -603.0"
1831994,GCC394370,GCC41012,72/MXD XMS18 IOTM NOV BR DSPLY,Co-Pack Finished Good,4530,0,4530,2019-Jul-20 12:00 AM,Open,False,"GCC0500: 32649.36
GCC100956: 15514.0
GCC100959: 6657.0
GCC101457: 17072.0
GCC101460: 18370.0
GCC101767: 3346.0
GCC102771: -4530.0
GCC102816: -9060.0
GCC1706: 5009117.0
GCC60721: 8356.0
GCC60764: 32422.880000000005
GCC61175: 39228.0
GCC61422: 3482.5
GCC61423: 9050.5
GCC61526: 25097.0"
1831993,GCC393870,GCC62158,24/1.06oz ED MKCAR XSML BAG,Co-Pack Finished Good,2000,0,2000,2019-Jul-20 12:00 AM,Open,False,"GCC0500: 32751.41
GCC101715: 52500.0
GCC1706: 5014177.0
GCC3737: 76.55
GCC4799: -2000.0
GCC4943: 66683.0
GCC77074: 170991.0"
1831992,GCC393784,GCC62544,12/5.29oz XM AST HOL SUB300,Co-Pack Finished Good,11021,0,11021,2019-Jul-20 12:00 AM,Open,False,"GCC0500: 32650.1958
GCC102139: -132252.0
GCC1706: 4996135.0
GCC3737: 54.89959999999999
GCC6028: 106736.0
GCC70056: -978.6648
GCC73037: 37505.04520000001
GCC77106: -1058.016
GCC8285: 93366.3432"
1831991,GCC393783,GCC62543,12/6.29oz XM AST CLA SUB300,Co-Pack Finished Good,31509,0,31509,2019-Jul-20 12:00 AM,Open,False,"GCC0500: 32441.2182
GCC102140: -378108.0
GCC1706: 4955159.0
GCC3737: 5.728400000000008
GCC6028: 86248.0
GCC70077: 42927.39
GCC77074: 167401.92
GCC77082: 82794.136
GCC8285: 92530.4328"
1831990,GCC393711,GCC41188,10/8.6oz XM AST CLA SUB400 WM,Co-Pack Finished Good,8515,0,8515,2019-Jul-20 12:00 AM,Open,False,"GCC0500: 32585.498
GCC101412: 31211.0
GCC101413: 43518.0
GCC102148: -38049.0
GCC1706: 5001147.0
GCC3737: 64.32
GCC70077: 44818.034999999996
GCC77074: 170161.2
GCC77082: 84797.2"
1831989,GCC393705,GCC41158,12/5.9oz XM MK FB SNWM SUB400,Co-Pack Finished Good,4521,0,4521,2019-Jul-26 12:00 AM,Open,False,"GCC0500: 32675.806800000002
GCC102373: -54252.0
GCC1706: 5009135.0
GCC3737: 70.4996
GCC5139: 94800.0
GCC73023: 168726.432"
1831988,GCC393704,GCC41157,12/5.9 XM MKCAR FB SNWM SUB400,Finished Good,25481,0,25481,2019-Jul-20 12:00 AM,Open,False,"GCC0500: 32273.3748
GCC102144: -305772.0
GCC1706: 4967215.0
GCC3737: 20.1956
GCC5139: 73840.0
GCC73092: -10396.248"
1831987,GCC393699,GCC41110,12/9oz XM MKCAR SUB400,Co-Pack Finished Good,17448,0,17448,2019-Jul-20 12:00 AM,Open,False,"GCC0500: 32427.6084
GCC102231: 209624.0
GCC1706: 4983281.0
GCC3737: 39.474799999999995
GCC5139: 81873.0
GCC77091: -7118.784"
1831986,GCC393647,GCC40893,5/4.12oz ID 86% MED SQ BAG,Co-Pack Finished Good,26000,0,26000,2019-Jul-20 12:00 AM,Open,False,"GCC0500: 32640.41
GCC101508: 60444.0
GCC1706: 4966177.0
GCC2895: 8401.119999999999
GCC3737: 55.349999999999994
GCC5519: -129992.0
GCC76123: -2197.0"
1831985,GCC393531,GCC41187,10/7.9oz XM AST HOL SUB400 WM,Co-Pack Finished Good,7338,0,7338,2019-Jul-20 12:00 AM,Open,False,"GCC0500: 32609.979600000002
GCC101412: 32388.0
GCC101413: 44695.0
GCC102145: -73380.0
GCC1706: 5003501.0
GCC3737: 66.67399999999999
GCC70056: -814.518
GCC73037: 37669.19200000001
GCC77106: -880.56"
1831984,GCC393523,GCC41104,12/6oz DSSC FB SNWM SUB400,Co-Pack Finished Good,11322,0,11322,2019-Jul-20 12:00 AM,Open,False,"GCC0500: 32545.227600000002
GCC102120: 114636.0
GCC1706: 4995533.0
GCC3737: 54.1772
GCC5139: 87999.0
GCC73090: -4619.375999999999"
1831983,GCC393482,GCC40640,4/11.6oz XM PBK mini SUB500,Co-Pack Finished Good,10900,0,10900,2019-Jul-20 12:00 AM,Open,False,"GCC0500: 32665.600000000002
GCC102371: 70800.0
GCC102699: -10900.0
GCC1706: 4996377.0
GCC3737: 72.63
GCC73101: 368260.04"
1831982,GCC393478,GCC40609,10/5.7 XM PBK FB SNWM 400 WM,Co-Pack Finished Good,6535,0,6535,2019-Jul-20 12:00 AM,Open,False,"GCC73048: -2221.9
GCC101410: 169800.0
GCC0500: 32626.682
GCC101412: 33191.0
GCC101413: 45498.0
GCC1706: 5005107.0
GCC3737: 68.28"
1831981,GCC393460,GCC40304,18/4.3oz XM PBK mini SUB150,Co-Pack Finished Good,12018,0,12018,2019-Jul-20 12:00 AM,Open,True,"GCC0500: 32495.810400000002
GCC101377: 40885.0
GCC1706: 4994141.0
GCC3737: 38.08519999999999
GCC4040: 23148.0
GCC4041: 14109.0
GCC4042: 17581.0
GCC73101: 366399.4764"
1831980,GCC393459,GCC40298,6/12.2oz XM AST mini SUB500,Co-Pack Finished Good,27540,0,27540,2019-Jul-20 12:00 AM,Open,False,"GCC0500: 32517.504
GCC100425: 25396.0
GCC102372: 5360.0
GCC1706: 4963097.0
GCC3737: 48.302
GCC73077: -2197.692
GCC73078: -2197.692
GCC73099: -2015.928
GCC73101: 368472.072"
1831979,GCC393457,GCC40251,10/5.9 XM MKCAR FB SNWM 400 WM,Co-Pack Finished Good,9403,0,9403,2019-Jul-20 12:00 AM,Open,False,"GCC0500: 32567.0276
GCC101412: 30323.0
GCC101413: 42630.0
GCC102144: -94030.0
GCC1706: 4999371.0
GCC3737: 62.544
GCC73092: -3197.0200000000004"
1831978,GCC393362,GCC62107,12/4.25oz ASST SQ SM Gift Box,Co-Pack Finished Good,1200,0,1200,2019-Jul-20 12:00 AM,Open,True,"GCC0500: 32749.41
GCC101623: 41126.0
GCC3478: 52408.0
GCC3480: 522773.0
GCC4622: 95718.0
GCC4627: 5844.0
GCC77074: 171096.6
GCC77082: 85732.6
GCC77083: 196495.4"
1831977,GCC393360,GCC41147,78/XM ASST SQ SUB400 DSPLY,Co-Pack Finished Good,4763,0,4763,2019-Jul-20 12:00 AM,Open,False,"GCC0500: 31571.86
GCC102343: 2587.0
GCC1706: 5008651.0
GCC2269: 32490.0
GCC3273: 18975.0
GCC3274: 7197.0
GCC41110: -10319.9921
GCC5222: 1317.0
GCC5347: 3301.0
GCC62219: -10319.9921
GCC62221: -10319.9921"
1831976,GCC393346,GCC41092,180/6FL ED MED SUB QTRPL,Co-Pack Finished Good,500,0,500,2019-Jul-20 12:00 AM,Open,False,"GCC0500: 32637.61
GCC1706: 5017177.0
GCC3807: 163.0
GCC3808: 183.0
GCC3811: 47.0
GCC3814: 15969.0
GCC40968: -1916.6499999999999
GCC4513: -5.0
GCC4514: 1060.0
GCC4515: 3237.0
GCC4516: 293.0
GCC61857: -343.35000000000014
GCC61862: 2471.41
GCC61864: 3533.0
GCC61866: 681.0
GCC61867: -1833.3500000000001
GCC7988: -500.0"
1831975,GCC393355,GCC41098,72ct/3.5OZ MXD ID BAR DSPLY,Co-Pack Finished Good,300,0,300,2019-Jun-20 12:00 AM,Open,False,"GCC0500: 32742.600000000002
GCC102117: 423.0
GCC102378: 9845.0
GCC1706: 5017577.0
GCC2561: 14588.0
GCC2817: 8748.0
GCC2895: 8804.71
GCC2942: 4853.0
GCC40434: 16266.0
GCC41005: -300.0
GCC4207: 1912.0
GCC60721: 12286.0
GCC60725: 18132.0
GCC61175: 43458.0
GCC7956: 2797.0"
1831974,GCC393341,GCC41091,72/4FL ED MED SUB DSPLY,Co-Pack Finished Good,1000,0,1000,2019-Jul-20 12:00 AM,Open,False,"GCC0500: 32637.61
GCC101162: 3301.0
GCC101169: 7001.0
GCC101170: 9204.0
GCC101171: 30968.0
GCC101184: 4468.0
GCC101267: 3167.0
GCC102067: 2391.0
GCC102068: 4229.0
GCC102069: 3538.0
GCC102362: 3204.0
GCC1706: 5016177.0
GCC61857: -510.0
GCC61862: 1388.0599999999995
GCC61864: 3283.0
GCC61866: 1431.0"
1831973,GCC393319,GCC40928,45/MXD ED XL SUB DSPLY,Co-Pack Finished Good,1623,0,1623,2019-Jul-20 12:00 AM,Open,False,"GCC0500: 32356.86
GCC100208: 327.0
GCC100209: 2780.0
GCC100211: 754.0
GCC100212: 32.0
GCC100213: 1560.0
GCC100214: 3427.0
GCC100215: 413.0
GCC100409: 136.0
GCC102077: -1623.0
GCC1706: 5014931.0
GCC40041: -2705.0541000000003
GCC62273: -5409.9459
GCC62274: -4057.5"
1831972,GCC393330,GCC41024,63/MXD CvrCH Pch DSPLY,Co-Pack Finished Good,200,0,200,2019-Jul-20 12:00 AM,Open,False,"GCC0500: 32737.61
GCC101162: 4101.0
GCC101169: 9401.0
GCC101170: 10004.0
GCC101171: 32568.0
GCC101184: 5268.0
GCC101185: 8454.0
GCC101526: 14410.0
GCC101838: -164.0
GCC101840: -200.0
GCC101841: -140.0
GCC102500: -167.0
GCC1706: 5017777.0
GCC40754: -400.0
GCC62381: -1000.0
GCC62384: -700.0"
1831971,GCC393314,GCC40861,72/BKG MXD CHIP DSPLY,Co-Pack Finished Good,2315,0,2315,2019-Jul-20 12:00 AM,Open,False,"GCC0500: 32569.770500000002
GCC100559: -664.0
GCC100560: -454.0
GCC100561: -1505.0
GCC100562: 26042.0
GCC100563: -978.0
GCC101283: -1157.0
GCC101328: -1711.0
GCC1706: 5013547.0
GCC40638: -4630.0
GCC61274: -4630.0
GCC64015: -4630.0"
1831970,GCC393302,GCC40732,54/MXD Candymaking SHPR,Co-Pack Finished Good,1000,0,1000,2019-Jun-20 12:00 AM,Booked,False,"GCC0500: 32637.61
GCC101162: 3301.0
GCC101163: 928.0
GCC101169: 7001.0
GCC101170: 9204.0
GCC101171: 30968.0
GCC101172: 4698.0
GCC101178: 5023.0
GCC101184: 4468.0
GCC101190: 16462.0
GCC101191: 4797.0
GCC102451: 4548.0
GCC1706: 5016177.0
GCC62458: -4000.0
GCC62459: -5000.0"
1831969,GCC393297,GCC40002,73/ED MXD BR DSPLY,Co-Pack Finished Good,1025,0,1025,2019-Jul-20 12:00 AM,Open,False,"GCC0500: 31737.61
GCC102378: 9120.0
GCC1706: 5016127.0
GCC2030: 4087.0
GCC2560: -345.0
GCC2561: 13438.0
GCC2817: 7598.0
GCC2895: 7859.719999999999
GCC2942: 4128.0
GCC5866: -223.0
GCC5868: -671.0
GCC60721: 11348.5
GCC60725: 17407.0
GCC60764: 35671.630000000005
GCC61175: 42220.5
GCC61526: 28772.8675
GCC7956: 2372.0"
1831968,GCC393225,GCC40936,12/12.7oz XM CAR TRIO SUB425,Co-Pack Finished Good,4500,0,4500,2019-Jul-20 12:00 AM,Open,False,"GCC0500: 32672.61
GCC102469: -54000.0
GCC1706: 5009177.0
GCC3500: 2074.0
GCC3737: 70.55
GCC77074: 170319.0
GCC77075: 96644.0
GCC77076: 14740.0
GCC8285: 93632.4"
1831967,GCC393216,GCC40642,24/0.83oz XM PBK SUB050 PDQ,Co-Pack Finished Good,21645,0,21645,2019-Jul-20 12:00 AM,Open,True,"GCC0500: 32641.398
GCC101369: 724040.0
GCC101882: 18134.0
GCC101883: 15597.0
GCC1706: 4974887.0
GCC3737: 29.402
GCC73037: 36561.634000000005"
1831966,GCC393214,GCC40636,3/13.15oz XM COL PBK SUB550 WM,Co-Pack Finished Good,7018,0,7018,2019-Jul-20 12:00 AM,Open,False,"GCC0500: 32702.2552
GCC102312: 19977.0
GCC102696: -7018.0
GCC1706: 5004141.0
GCC3737: 77.13919999999999
GCC73037: 37782.611800000006
GCC73038: -545.2986000000001"
1831965,GCC393224,GCC40935,12/10.5oz XM AST HOL SUB425,Co-Pack Finished Good,6500,0,6500,2019-Jul-20 12:00 AM,Open,False,"GCC0500: 32632.61
GCC102146: 13500.0
GCC1706: 5005177.0
GCC3500: 74.0
GCC3737: 65.75
GCC70056: -1154.4
GCC73037: 37329.310000000005
GCC77106: -1248.0"
1831964,GCC393212,GCC40628,10/7.7oz XM DK PBK SUB400 WM,Co-Pack Finished Good,5010,0,5010,2019-Jul-20 12:00 AM,Open,False,"GCC0500: 32658.402000000002
GCC101412: 34716.0
GCC101413: 47023.0
GCC102313: 6150.0
GCC1706: 5008157.0
GCC3737: 71.33
GCC73038: -1763.52"
1831963,GCC393202,GCC40270,12/7.7oz XM MK PBRO SUB400,Co-Pack Finished Good,5830,0,5830,2019-Jul-20 12:00 AM,Open,False,"GCC0500: 32650.674
GCC102423: 122040.0
GCC1706: 5006517.0
GCC3737: 67.35799999999999
GCC5139: 93491.0
GCC77039: -2441.604"
1831962,GCC393197,GCC40247,12/4.9 XM MKCAR FB SNWM SUB300,Co-Pack Finished Good,4562,0,4562,2019-Jul-20 12:00 AM,Open,False,"GCC0500: 32716.0776
GCC102137: -54744.0
GCC1706: 5009053.0
GCC3737: 70.40119999999999
GCC6028: 113195.0
GCC73092: -1532.832
GCC8285: 93629.8704"
1831961,GCC392332,GCC61864,6/5.32oz MLKCAR SQ SUB Nest,Co-Pack Finished Good,35000,0,35000,2019-Jul-22 12:00 AM,Open,True,"GCC0500: 32608.61
GCC101633: 478060.0
GCC1706: 4948177.0
GCC3737: 39.35
GCC4205: 318079.0
GCC77074: 166983.0
GCC8285: 93193.0"
1831960,GCC392028,GCC41054,360/BKG CHIP DSPLY QTRPL,Co-Pack Finished Good,1000,0,1000,2019-Jul-20 12:00 AM,Open,False,"GCC102327: 5418.0
GCC102328: 1310.0
GCC102330: 872.0
GCC102451: 4548.0
GCC1706: 5016177.0
GCC3942: 2161.0
GCC3943: 9743.0
GCC73103: -4000.0
GCC73104: -3000.0
GCC73105: -5000.0
GCC7988: -1000.0
GCC8011: 9125.0
GCC8014: -1000.0
GCC8016: 1752.0
GCC8026: 4000.0"
1831959,GCC392023,GCC41053,402/MXD BKG DSPLY QTRPL,Co-Pack Finished Good,438,0,438,2019-Jun-20 12:00 AM,Open,False,"GCC100107: 3120.0
GCC102327: 7666.0
GCC102328: 1872.0
GCC102330: 1434.0
GCC102451: 5110.0
GCC1706: 5017301.0
GCC2748: 2994.0
GCC3942: 2723.0
GCC3943: 10305.0
GCC61826: -876.0
GCC61827: -1314.0
GCC61829: -438.0
GCC73103: -1314.0
GCC73104: -1752.0
GCC73105: -1752.0
GCC7988: -438.0
GCC8011: 11373.0
GCC8013: -438.0
GCC8026: 4562.0"
1831958,GCC391953,GCC62493,6/4.12oz ID 86% Mid Rev SUB,Co-Pack Finished Good,8000,0,8000,2019-Jul-20 12:00 AM,Open,False,"GCC0500: 32727.41
GCC1706: 5002177.0
GCC3737: 71.75
GCC4205: 345079.0
GCC5519: -47992.0
GCC76123: -811.2"
1831957,GCC391945,GCC62303,6/4.85oz CLSC ASST SQ SUB,Co-Pack Finished Good,20000,0,20000,2019-Jul-20 12:00 AM,Open,True,"GCC0500: 32674.61
GCC102540: 4025.0
GCC1706: 4978177.0
GCC3737: 57.349999999999994
GCC4205: 333079.0
GCC70077: 45103.2
GCC77074: 170223.0
GCC77082: 85099.0"
1831956,GCC391941,GCC61868,6/5.32oz DK RASP SQ SUB Nest,Co-Pack Finished Good,27000,0,27000,2019-Jul-20 12:00 AM,Open,True,"GCC0500: 32643.81
GCC102507: 512702.0
GCC1706: 4964177.0
GCC3737: 48.949999999999996
GCC77083: 193313.0
GCC4205: 326079.0
GCC8285: 93335.4"
1831955,GCC391937,GCC61867,6/5.32oz MNT SQ SUB Nest,Co-Pack Finished Good,31150,0,31150,2019-Jul-20 12:00 AM,Open,False,"GCC0500: 32625.55
GCC102508: 59004.0
GCC1706: 4955877.0
GCC3737: 43.97
GCC4205: 321929.0
GCC76931: -3738.0
GCC8285: 93261.53"
1831954,GCC391932,GCC61865,6/5.32oz DRKCAR SQ SUB Nest,Co-Pack Finished Good,6000,0,6000,2019-Jul-20 12:00 AM,Open,True,"GCC0500: 32736.21
GCC101634: 53315.0
GCC1706: 5006177.0
GCC3737: 74.14999999999999
GCC4205: 347079.0
GCC77075: 96788.0
GCC8285: 93709.2"
1831953,GCC391928,GCC61857,6/4.12oz ID SS Soiree SUB Nest,Co-Pack Finished Good,25000,0,25000,2019-Jul-20 12:00 AM,Open,False,"GCC0500: 32652.61
GCC1706: 4968177.0
GCC3737: 51.349999999999994
GCC4205: 328079.0
GCC5522: -26012.0
GCC76853: -2535.0
GCC8285: 93371.0"
1831952,GCC391910,GCC40925,12/12.7oz Mk Car LG ED CS DSC,Co-Pack Finished Good,4500,0,4500,2019-Jul-20 12:00 AM,Open,True,"GCC0500: 32672.61
GCC101567: 27670.0
GCC101596: 44727.0
GCC1706: 5009177.0
GCC3737: 70.55
GCC77074: 168591.0"
1831951,GCC391895,GCC40889,5/5.32oz DK RASP SUB SRC,Co-Pack Finished Good,20000,0,20000,2019-Jul-20 12:00 AM,Open,True,"GCC0500: 32668.61
GCC101508: 66444.0
GCC102507: 574702.0
GCC1706: 4978177.0
GCC2895: 8512.72
GCC3737: 61.349999999999994
GCC77083: 194553.0"
1831950,GCC391908,GCC40894,5/4.12oz ID SS Soir SUB SRC,Co-Pack Finished Good,14000,0,14000,2019-Jul-20 12:00 AM,Open,False,"GCC76853: -1183.0
GCC0500: 32696.81
GCC101508: 72444.0
GCC1706: 4990177.0
GCC2895: 8624.32
GCC3737: 67.35
GCC5522: 53988.0"
1831949,GCC391886,GCC40813,6/4.1oz ID 92% MED SUB,Co-Pack Finished Good,6500,0,6500,2019-Jul-20 12:00 AM,Open,False,"GCC0500: 32734.010000000002
GCC101329: 195746.0
GCC1706: 5005177.0
GCC3737: 73.55
GCC4205: 346579.0
GCC77062: -659.1
GCC8285: 93700.3"
1831948,GCC391877,GCC62273,6/15.77oz XL CLSC ASST SUB FD,Co-Pack Finished Good,15800,0,15800,2019-Jul-20 12:00 AM,Open,True,"GCC0500: 32433.97
GCC101699: 237492.0
GCC1706: 5002377.0
GCC3737: 62.39
GCC5247: 36831.0
GCC70077: 44360.159999999996
GCC77074: 169666.2
GCC77082: 84302.2
GCC77083: 195036.2"
1831947,GCC391874,GCC61980,1/26.6oz DK SS Car SQ 50ct CDY,Co-Pack Finished Good,5000,0,5000,2019-Jul-20 12:00 AM,Open,True,"GCC0456: 127.5
GCC101602: 21934.0
GCC1706: 5008177.0
GCC4430: 27971.0
GCC77076: 15094.0
GCC8516: 10581.5"
1831946,GCC391870,GCC61979,1/26.6oz Mk Car SQ 50ct CDY,Co-Pack Finished Good,19000,0,19000,2019-Jul-20 12:00 AM,Open,True,"GCC0456: 126.1
GCC101601: 8968.0
GCC1706: 4980177.0
GCC4430: 13971.0
GCC77074: 169245.0
GCC8516: 10549.3"
1831945,GCC391839,GCC40898,3/15.9oz CAR DUO XL SUB SRC,Co-Pack Finished Good,2500,0,2500,2019-Jul-20 12:00 AM,Open,True,"GCC0500: 32741.86
GCC101506: 17971.0
GCC101887: 169322.0
GCC1706: 5013177.0
GCC3737: 79.85
GCC77074: 170958.0
GCC77076: 15379.0"
1831944,GCC391029,GCC83011,12/100ct Asst SqrBag Mini FG,Retail Packaging,270,0,270,2019-Jul-20 12:00 AM,Open,False,"GCC0500: 32747.598
GCC102322: -1.2400000000000002
GCC1706: 5017637.0
GCC73077: -122.472
GCC73078: -118.908
GCC73098: -118.908
GCC82890: -3.24
GCC84788: -3.24
GCC84954: -3240.0
GCCS-4183: 2846.0"
1831943,GCC390757,GCC40948,12/10.5OZ ED ID SS SOIR CS DSC,Co-Pack Finished Good,2500,0,2500,2019-Jul-22 12:00 AM,Open,False,"GCC0500: 32712.61
GCC101534: 205425.0
GCC101567: 29670.0
GCC1706: 5013177.0
GCC3737: 75.35
GCC76853: -1293.0"
1831942,GCC390747,GCC41069,280/14/21.3oz CAR TRIO XL SUB,Co-Pack Finished Good,32,0,32,2019-Jul-22 12:00 AM,Open,False,"GCC101904: -3010.0
GCC101941: 828.0
GCC101998: 5095.0
GCC102134: 11144.0
GCC2513: 17333.0
GCC2618: 19.0
GCC2895: 8756.72
GCC3737: 76.86999999999999
GCC77074: 170932.12
GCC77076: 15371.04
GCC77081: -232.96
GCC8516: 10561.0"
1831941,GCC390612,GCC84072,12/40ct Assorted FG,Retail Packaging,256,0,256,2019-Jul-20 12:00 AM,Open,False,"GCC0500: 32754.5972
GCC101965: 4.928
GCC1706: 5017665.0
GCC70077: 45723.263999999996
GCC70858: -39.936
GCC77073: 1832.28
GCC77074: 171146.136
GCC77076: 15573.28
GCC77082: 85788.28
GCC77083: 196522.28
GCC84805: -3.072
GCC84857: 1083.0
GCC84948: -61.0
GCCS-4235: 8666.0"
1831940,GCC390331,GCC62274,6/14.86oz XL ASST DK SUB FDM,Co-Pack Finished Good,16450,0,16450,2019-Jul-26 12:00 AM,Open,False,"GCC0500: 32420.45
GCC101886: -57826.0
GCC1706: 4985277.0
GCC3737: 61.61
GCC5247: 36181.0
GCC70077: 44114.909999999996
GCC76091: -1362.06
GCC76853: -1362.06
GCC77076: 13827.4"
1831939,GCC390322,GCC62246,6/8.22oz LG SS Coll SUB,Co-Pack Finished Good,6500,0,6500,2019-Jul-19 12:00 AM,Open,False,"GCC0500: 32720.36
GCC101627: 215850.0
GCC1706: 5005177.0
GCC3737: 73.55
GCC5138: 2436.0
GCC76853: -358.8
GCC76970: -235.3
GCC77076: 15058.0
GCC8219: 4494.3"
1831916,GCC396868,GCC84224,36/American Rect Tin FG,Retail Packaging,96,0,96,2019-Jun-20 12:00 AM,Open,False,"GCC0500: 32754.6132
GCC102100: -3.4559999999999995
GCC1706: 5017985.0
GCC70077: 45731.059199999996
GCC70858: -38.3616
GCC77074: 171148.44
GCC77076: 15576.352
GCC77082: 85791.352
GCC83761: -6.911999999999999
GCC84210: -3456.0"
1831915,GCC396862,GCC83789,12/Signature Flat BlueBx FG 16,Retail Packaging,120,0,120,2019-Jun-20 12:00 AM,Open,False,
1831914,GCC396856,GCC83361,25/SM Acetate Brown FG 15,Retail Packaging,108,0,108,2019-Jun-20 12:00 AM,Open,False,"GCC0500: 32759.6184
GCC102106: -1.7000000000000002
GCC1706: 5017961.0
GCC70077: 45753.21
GCC77074: 171161.4
GCC77076: 15593.2
GCC77082: 85808.2
GCC77083: 196542.2
GCC84241: 1999.676
GCC84863: -2700.0
GCCS-4530: 3257.0"
1831913,GCC396860,GCC83776,36/SF GG Bridge Ppr Bx FG 16,Retail Packaging,135,0,135,2019-Jun-20 12:00 AM,Open,False,"GCC0500: 32762.4075
GCC102103: 0.14000000000000057
GCC1706: 5017907.0
GCC70077: 45718.002
GCC70858: -35.964000000000006
GCC77074: 171134.4
GCC77082: 85780.12
GCC83762: -9.719999999999999
GCC84778: -4860.0"
1831912,GCC396853,GCC82329,36/ID Gold Box FG,Retail Packaging,90,0,90,2019-Jun-20 12:00 AM,Open,False,
1831853,1831853,GCC40002RW,73/ED MXD BR DSPLY - Relabeling Rework,Co-Pack Finished Good,270,270,0,,Booked,False,GCC40002: -124.0
1831665,GCC396960,GCC70970RW,540 MK SS ALM SQ BULK,Semi Finished Good,200,206,-6,2019-Jun-30 11:33 AM,Booked,False,"GCC0500: 32757.61
GCC1706: 5017777.0
GCC101140: 345.0
GCC76970: -42.639999999999986"
1831654,GCC396959,GCC70091RW,540 72% DK YRD SQ BULK,Semi Finished Good,400,396,4,2019-Jun-30 11:23 AM,Closed,False,"GCC0500: 32752.61
GCC1706: 5017377.0
GCC101140: 145.0
GCC76091: -332.28"
1822380,GCC393213,GCC40632,10/8.51 XM CAR TRIO SUB400 WM,Co-Pack Finished Good,12448,0,12448,2019-Jul-20 12:00 AM,Open,False,"GCC0500: 32503.691600000002
GCC101412: 27278.0
GCC101413: 39585.0
GCC102149: -124480.0
GCC1706: 4993281.0
GCC3737: 56.45399999999999
GCC77074: 169689.24
GCC77075: 96263.2
GCC77076: 14359.2"
1822379,GCC394646,GCC62350,72/3.5oz XM PBK BAR DSPLY NAT,Co-Pack Finished Good,2793,0,2793,2019-Jul-20 12:00 AM,Open,False,"GCC0500: 32576.3169
GCC101232: -137.0
GCC101233: -45.0
GCC101234: 1113.0
GCC1706: 5012591.0
GCC2561: 7109.0
GCC2817: 1269.0
GCC2895: 8139.826899999999
GCC2942: 2360.0
GCC61422: -1499.0
GCC61423: 8258.5
GCC7956: -2189.0"
1822187,GCC393195,GCC40243,12/4.2 XM MKCAR FB SNWM SUB200,Co-Pack Finished Good,39984,0,39984,2019-Jun-28 12:00 AM,Booked,False,"GCC0500: 32230.8228
GCC100611: 45112.0
GCC100612: 84533.0
GCC102141: -47808.0
GCC1706: 4938209.0
GCC3737: -14.611599999999996
GCC73092: -11515.392
GCC8285: 92388.5712"
1817987,GCC395680,GCC41316,72/MXD ED BARS DSPLY WAGS,,5061,0,5061,2019-Jun-27 09:00 PM,Open,False,"GCC0500: 32636.085
GCC100956: 14452.0
GCC100959: 6126.0
GCC101457: 16010.0
GCC101460: 17308.0
GCC102828: -5061.0
GCC102829: 294.0
GCC102830: -522.0
GCC1706: 5008055.0
GCC40434: 11505.0
GCC60721: 7825.0
GCC60725: 13371.0
GCC60764: 31891.880000000005
GCC61175: 38697.0
GCC61526: 24566.0"
1813192,GCC386899,GCC62303,6/4.85oz CLSC ASST SQ SUB,Co-Pack Finished Good,20000,0,20000,2019-Jun-20 12:00 AM,Booked,True,"GCC0500: 32674.61
GCC102540: 4025.0
GCC1706: 4978177.0
GCC3737: 57.349999999999994
GCC4205: 333079.0
GCC70077: 45103.2
GCC77074: 170223.0
GCC77082: 85099.0"
1813191,GCC388037,GCC40900,12/6.3oz MK SSCAR TWN SUB,Co-Pack Finished Good,7800,0,7800,2019-Jun-27 09:00 PM,Booked,False,"GCC0500: 32683.05
GCC1706: 5002577.0
GCC3138: 23233.0
GCC3737: 62.629999999999995
GCC77067: -2246.3999999999996
GCC8285: 93497.76
GCC99303: -61176.0"
1813190,GCC389878,GCC83413,12/80ct Everyday Asst FG,Retail Packaging,480,480,0,2019-Jun-10 09:00 PM,Closed,False,"GCC0500: 32742.594
GCC101972: 20.560000000000002
GCC1706: 5017217.0
GCC70077: 45645.695999999996
GCC70858: -127.87200000000001
GCC77073: 1736.28
GCC77074: 171033.24
GCC77076: 15477.28
GCC77082: 85692.28
GCC77083: 196426.28
GCC84836: -4.609999999999999
GCC84858: -5649.0
GCC84948: -2749.0
GCCS-4643: 5545.0
GCC73073: 2885.62"
1813189,GCC389888,GCC84072,12/40ct Assorted FG,Retail Packaging,256,0,256,2019-Jun-10 09:00 PM,Open,False,"GCC0500: 32754.5972
GCC101965: 4.928
GCC1706: 5017665.0
GCC70077: 45723.263999999996
GCC70858: -39.936
GCC77073: 1832.28
GCC77074: 171146.136
GCC77076: 15573.28
GCC77082: 85788.28
GCC77083: 196522.28
GCC84805: -3.072
GCC84857: 1083.0
GCC84948: -61.0
GCCS-4235: 8666.0"
1813188,GCC390553,GCC83028,12/80ct Mk &amp; Cml Sqrs Bag FG,Retail Packaging,168,0,168,2019-Jul-19 09:00 PM,Open,False,"GCC0500: 32755.6044
GCC101970: 2.984
GCC1706: 5017841.0
GCC77074: 170860.44
GCC84789: -2.016
GCC84858: -1905.0
GCC84947: -816.0
GCCS-4643: 5857.0"
1813186,GCC390764,GCC40950,12/11.5OZ ASST LG ED CS DSC,Co-Pack Finished Good,11000,8123,2877,2019-Jun-19 09:00 PM,Closed,False,"GCC0500: 32542.61
GCC101567: 21170.0
GCC101597: -129026.0
GCC1706: 4996177.0
GCC3737: 54.949999999999996
GCC70077: 43809.6
GCC77074: 169071.0
GCC77082: 83707.0"
1813185,GCC390746,GCC41069,280/14/21.3oz CAR TRIO XL SUB,Co-Pack Finished Good,28,0,28,2019-Jun-20 09:00 PM,Open,False,"GCC101904: -1890.0
GCC101941: 908.0
GCC101998: 5099.0
GCC102134: 11156.0
GCC2513: 17349.0
GCC2618: 23.0
GCC2895: 8772.72
GCC3737: 77.42999999999999
GCC77074: 170963.48
GCC77076: 15400.16
GCC77081: -203.84
GCC8516: 10565.0"
1813184,GCC390973,GCC40167,6/4.6oz DK SS CAR mini SUB,Co-Pack Finished Good,4260,0,4260,2019-Jun-29 09:00 PM,Booked,False,"GCC0500: 32746.848
GCC100424: 55069.0
GCC101751: 32965.0
GCC1706: 5009657.0
GCC3737: 76.238
GCC73078: -483.084
GCC8285: 93752.952"
1813183,GCC391616,GCC62107,12/4.25oz ASST SQ SM Gift Box,Co-Pack Finished Good,1200,261,939,2019-Jun-19 09:00 PM,Booked,True,"GCC0500: 32749.41
GCC101623: 41126.0
GCC3478: 52408.0
GCC3480: 522773.0
GCC4622: 95718.0
GCC4627: 5844.0
GCC77074: 171096.6
GCC77082: 85732.6
GCC77083: 196495.4"
1813182,GCC391617,GCC62107,12/4.25oz ASST SQ SM Gift Box,Co-Pack Finished Good,1200,0,1200,2019-Jun-10 09:00 PM,Booked,True,"GCC0500: 32749.41
GCC101623: 41126.0
GCC3478: 52408.0
GCC3480: 522773.0
GCC4622: 95718.0
GCC4627: 5844.0
GCC77074: 171096.6
GCC77082: 85732.6
GCC77083: 196495.4"
1813181,GCC391817,GCC40164,6/4.6oz ED MK CAR mini SU,Co-Pack Finished Good,4000,0,4000,2019-Jun-19 09:00 PM,Booked,False,"GCC0500: 32747.81
GCC100307: -15083.0
GCC100424: 55329.0
GCC1706: 5010177.0
GCC3737: 76.55
GCC75962: -388.79999999999995
GCC8285: 93756.8"
1813180,GCC391907,GCC40894,5/4.12oz ID SS Soir SUB SRC,Co-Pack Finished Good,4000,0,4000,2019-Jun-20 12:00 AM,Open,False,"GCC76853: -338.0
GCC0500: 32743.81
GCC101508: 82444.0
GCC1706: 5010177.0
GCC2895: 8810.32
GCC3737: 77.35
GCC5522: 103988.0"
1813179,GCC391939,GCC61868,6/5.32oz DK RASP SQ SUB Nest,Co-Pack Finished Good,15000,15000,0,2019-Jun-10 09:00 PM,Closed,True,"GCC0500: 32696.61
GCC102507: 584702.0
GCC1706: 4988177.0
GCC3737: 63.349999999999994
GCC77083: 194753.0
GCC4205: 338079.0
GCC8285: 93549.0"
1813178,GCC391927,GCC61857,6/4.12oz ID SS Soiree SUB Nest,Co-Pack Finished Good,17000,0,17000,2019-Jun-19 09:00 PM,Booked,False,"GCC0500: 32687.81
GCC1706: 4984177.0
GCC3737: 60.949999999999996
GCC4205: 336079.0
GCC5522: 21988.0
GCC76853: -1723.8000000000002
GCC8285: 93513.4"
1813177,GCC391940,GCC61868,6/5.32oz DK RASP SQ SUB Nest,Co-Pack Finished Good,17000,17000,0,2019-Jun-10 09:00 PM,Closed,True,"GCC0500: 32687.81
GCC102507: 572702.0
GCC1706: 4984177.0
GCC3737: 60.949999999999996
GCC77083: 194513.0
GCC4205: 336079.0
GCC8285: 93513.4"
1813176,GCC392022,GCC41053,402/MXD BKG DSPLY QTRPL,Co-Pack Finished Good,438,0,438,2019-Jun-19 09:00 PM,Open,False,"GCC100107: 3120.0
GCC102327: 7666.0
GCC102328: 1872.0
GCC102330: 1434.0
GCC102451: 5110.0
GCC1706: 5017301.0
GCC2748: 2994.0
GCC3942: 2723.0
GCC3943: 10305.0
GCC61826: -876.0
GCC61827: -1314.0
GCC61829: -438.0
GCC73103: -1314.0
GCC73104: -1752.0
GCC73105: -1752.0
GCC7988: -438.0
GCC8011: 11373.0
GCC8013: -438.0
GCC8026: 4562.0"
1813175,GCC392027,GCC41054,360/BKG CHIP DSPLY QTRPL,Co-Pack Finished Good,1000,0,1000,2019-Jun-19 09:00 PM,Open,False,"GCC102327: 5418.0
GCC102328: 1310.0
GCC102330: 872.0
GCC102451: 4548.0
GCC1706: 5016177.0
GCC3942: 2161.0
GCC3943: 9743.0
GCC73103: -4000.0
GCC73104: -3000.0
GCC73105: -5000.0
GCC7988: -1000.0
GCC8011: 9125.0
GCC8014: -1000.0
GCC8016: 1752.0
GCC8026: 4000.0"
1813174,GCC393204,GCC40304,18/4.3oz XM PBK mini SUB150,Co-Pack Finished Good,8000,4930,3070,2019-Jun-11 09:00 PM,Booked,True,"GCC0500: 32585.010000000002
GCC101377: 113209.0
GCC1706: 5002177.0
GCC3737: 52.55
GCC4040: 27166.0
GCC4041: 18127.0
GCC4042: 21599.0
GCC73101: 367766.4"
1813172,GCC393194,GCC40241,12/4.1oz XM MK FB SNWM SUB200,Co-Pack Finished Good,7000,2590,4410,2019-Jun-19 09:00 PM,Booked,False,"GCC0500: 32669.510000000002
GCC100611: 78096.0
GCC100612: 117517.0
GCC101360: -34357.0
GCC1706: 5004177.0
GCC3737: 64.55
GCC73023: 168555.0
GCC8285: 93566.1"
1813171,GCC393198,GCC40251,10/5.9 XM MKCAR FB SNWM 400 WM,Co-Pack Finished Good,5397,0,5397,2019-Jun-19 09:00 PM,Open,False,"GCC0500: 32650.3524
GCC101412: 34329.0
GCC101413: 46636.0
GCC102144: -53970.0
GCC1706: 5007383.0
GCC3737: 70.556
GCC73092: -1834.98"
1813170,GCC392331,GCC61864,6/5.32oz MLKCAR SQ SUB Nest,Co-Pack Finished Good,17339,17339,0,2019-Jun-16 09:00 PM,Closed,True,"GCC0500: 32686.3184
GCC101633: 584026.0
GCC1706: 4983499.0
GCC3737: 60.5432
GCC4205: 335740.0
GCC77074: 169102.32
GCC8285: 93507.3658"
1813169,GCC393102,GCC40946,12/12.7OZ DK MINT LG ED DSC,Co-Pack Finished Good,5800,0,5800,2019-Jun-14 09:00 PM,Booked,True,"GCC0500: 32646.61
GCC101567: 26370.0
GCC101598: 98900.0
GCC1706: 5006577.0
GCC3737: 67.42999999999999
GCC77082: 82478.2"
1813168,GCC393049,GCC40239,24/0.7 XM MKCAR FB SNWM SUB050,Co-Pack Finished Good,25000,0,25000,2019-Jun-19 09:00 PM,Open,False,"GCC0500: 32622.61
GCC102151: 552000.0
GCC1706: 4968177.0
GCC3737: 21.35
GCC4443: 50178.0
GCC4943: 43683.0
GCC73092: -2400.0"
1813167,GCC392659,GCC62526,12/6.3 FALL PKN SP SUB300,Co-Pack Finished Good,2261,0,2261,2019-Jun-19 09:00 PM,Open,False,"GCC0500: 32739.5478
GCC101737: -27132.0
GCC1706: 5013655.0
GCC3737: 75.9236
GCC6025: -147.0
GCC77106: -651.168"
1813166,GCC392444,GCC40506,280/10/30oz MXD Cndymkg PCH,Co-Pack Finished Good,472,0,472,2019-Jun-27 09:00 PM,Open,False,"GCC1706: 5017233.0
GCC2513: 15573.0
GCC2618: -421.0
GCC3771: 4307.0
GCC70177: -6608.0
GCC70178: -6608.0
GCC7754: 32456.0
GCC8516: 10121.0"
1813165,GCC393205,GCC40306,18/4.5 XM WNT MNT mini SUB150,Co-Pack Finished Good,6537,0,6537,2019-Jul-20 09:00 PM,Open,False,"GCC0500: 32617.4886
GCC102142: 9034.0
GCC1706: 5005103.0
GCC3737: 57.81679999999999
GCC4040: 28629.0
GCC4041: 19590.0
GCC4042: 23062.0
GCC73099: -2223.8874"
1813164,GCC393210,GCC40609,10/5.7 XM PBK FB SNWM 400 WM,Co-Pack Finished Good,7000,0,7000,2019-Jun-19 09:00 PM,Open,False,"GCC73048: -2380.0
GCC101410: 165150.0
GCC0500: 32617.010000000002
GCC101412: 32726.0
GCC101413: 45033.0
GCC1706: 5004177.0
GCC3737: 67.35"
1813163,GCC393229,GCC41103,12/4.2 XM DSSC FB SNWM SUB200,Co-Pack Finished Good,15561,0,15561,2019-Jun-18 09:00 PM,Open,False,"GCC0500: 32555.6487
GCC100611: 69535.0
GCC100612: 108956.0
GCC102118: -186732.0
GCC1706: 4987055.0
GCC3737: 44.0036
GCC73090: -4481.567999999999
GCC8285: 92986.5987"
1813162,GCC393215,GCC40640,4/11.6oz XM PBK mini SUB500,Co-Pack Finished Good,10500,0,10500,2019-Jun-18 09:00 PM,Open,False,"GCC0500: 32669.16
GCC102371: 72400.0
GCC102699: -10500.0
GCC1706: 4997177.0
GCC3737: 72.94999999999999
GCC73101: 368341.8"
1813161,GCC393230,GCC41104,12/6oz DSSC FB SNWM SUB400,Co-Pack Finished Good,10545,0,10545,2019-Jun-18 09:00 PM,Open,False,"GCC0500: 32560.146
GCC102120: 123960.0
GCC1706: 4997087.0
GCC3737: 56.042
GCC5139: 88776.0
GCC73090: -4302.36"
1813159,GCC393233,GCC41147,78/XM ASST SQ SUB400 DSPLY,Co-Pack Finished Good,3500,0,3500,2019-Jun-18 09:00 PM,Open,False,"GCC0500: 31887.61
GCC102343: 3850.0
GCC1706: 5011177.0
GCC2269: 37542.0
GCC3273: 22764.0
GCC3274: 8460.0
GCC41110: -7583.45
GCC5222: 2580.0
GCC5347: 4564.0
GCC62219: -7583.45
GCC62221: -7583.45"
1813157,GCC393241,GCC41187,10/7.9oz XM AST HOL SUB400 WM,Co-Pack Finished Good,9000,0,9000,2019-Jun-18 09:00 PM,Open,False,"GCC0500: 32575.41
GCC101412: 30726.0
GCC101413: 43033.0
GCC102145: -90000.0
GCC1706: 5000177.0
GCC3737: 63.349999999999994
GCC70056: -999.0
GCC73037: 37484.71000000001
GCC77106: -1080.0"
1813156,GCC393243,GCC41189,3/14.8oz XM AST HOL SUB550 WM,Co-Pack Finished Good,17580,0,17580,2019-Jun-18 09:00 PM,Open,False,"GCC0500: 32611.422000000002
GCC102136: 75810.0
GCC102696: -17580.0
GCC1706: 4983017.0
GCC3737: 70.80199999999999
GCC70077: 44982.647999999994
GCC73037: 37703.158
GCC77074: 170339.16
GCC77082: 84975.16"
1813155,GCC393246,GCC41194,178/ XM ASST SQ SUB400 QPL,Co-Pack Finished Good,1350,0,1350,2019-Jun-18 09:00 PM,Open,False,"GCC102344: 1800.0
GCC1706: 5015477.0
GCC1860: 9930.0
GCC2250: 2393.0
GCC2255: 12973.0
GCC2256: 332.0
GCC2257: 4156.0
GCC2263: 3266.0
GCC2287: -1348.0
GCC3390: 579.0
GCC3391: 1307.0
GCC3392: 4929.0
GCC3393: 1586.0
GCC3394: 2092.0
GCC41110: -3600.045
GCC41184: -2250.045
GCC41185: 10.455000000000155
GCC62219: -9000.045
GCC62221: -3937.545
GCC7988: -1350.0"
1813154,GCC393248,GCC41227,280/14/21.3oz FALL ASST SUB600,Co-Pack Finished Good,185,0,185,2019-Jun-18 09:00 PM,Open,False,"GCC101998: 4942.0
GCC102134: 10685.0
GCC102461: -51800.0
GCC102536: 395.0
GCC2513: 16721.0
GCC2618: -134.0
GCC3737: 70.99
GCC77073: 516.2
GCC77074: 169732.6
GCC77106: -1346.8
GCC7754: 33604.0
GCC8516: 10408.0"
1813153,GCC393247,GCC41226,12/6.9oz FALL ASST CAR SUB300,Co-Pack Finished Good,3850,0,3850,2019-Jun-18 09:00 PM,Open,False,"GCC0500: 32723.34
GCC102460: -46200.0
GCC1706: 5010477.0
GCC3138: 27183.0
GCC3737: 72.11
GCC77073: 1493.4
GCC77074: 170721.0
GCC77106: -369.6
GCC8285: 93658.92"
1813152,GCC393253,GCC41238,12/5.3oz XM MKCAR SQ SUB200,Co-Pack Finished Good,3643,0,3643,2019-Aug-20 09:00 PM,Open,False,"GCC0500: 32714.1581
GCC100611: 81453.0
GCC100612: 120874.0
GCC102232: -43716.0
GCC1706: 5010891.0
GCC3737: 72.60679999999999
GCC77091: -874.3199999999999"
1813151,GCC393261,GCC62541,12/5.4oz XM PBK SUB300,Co-Pack Finished Good,39325,0,39325,2019-Jul-20 12:00 AM,Open,False,"GCC0500: 32361.495
GCC102357: -471900.0
GCC1706: 4939527.0
GCC3737: -13.030000000000001
GCC6028: 78432.0
GCC73037: 27110.920000000006
GCC8285: 92211.54"
1813150,GCC393266,GCC62567,12/4.57oz XM PBK SUB200 DG,Co-Pack Finished Good,5411,0,5411,2019-Jun-18 09:00 PM,Open,False,"GCC102427: -56377.0
GCC102700: 468.0
GCC1706: 5007355.0
GCC3737: 68.36359999999999
GCC73037: 37165.59040000001
GCC8516: 10525.3625"
1813148,GCC393308,GCC40783,72ct ID BAR SHIPPER 2018,Co-Pack Finished Good,300,300,0,2019-Jun-21 09:00 PM,Closed,True,"GCC0500: 32742.600000000002
GCC101323: 102.0
GCC102378: 9845.0
GCC1706: 5017577.0
GCC2561: 14588.0
GCC2817: 8748.0
GCC2895: 8804.71
GCC2942: 4853.0
GCC40434: 16266.0
GCC4207: 1912.0
GCC60721: 12286.0
GCC60725: 18132.0
GCC61175: 43158.0
GCC7956: 2797.0"
1813147,GCC393296,GCC40002,73/ED MXD BR DSPLY,Co-Pack Finished Good,1750,1612,138,2019-Jun-21 09:00 PM,Closed,False,"GCC0500: 31012.61
GCC102378: 8395.0
GCC1706: 5014677.0
GCC2030: 3362.0
GCC2560: -1070.0
GCC2561: 11988.0
GCC2817: 6148.0
GCC2895: 7134.719999999999
GCC2942: 3403.0
GCC5866: -948.0
GCC5868: -1396.0
GCC60721: 10261.0
GCC60725: 16682.0
GCC60764: 34765.380000000005
GCC61175: 41133.0
GCC61526: 28168.725
GCC7956: 1647.0"
1813146,GCC393357,GCC41099,108/MXD VERT BKG BR DSPLY,Co-Pack Finished Good,685,0,685,2019-Aug-23 09:00 PM,Open,False,"GCC0500: 32705.5495
GCC101992: 1145.0
GCC102451: 4863.0
GCC2727: -685.0
GCC5745: 2449.0
GCC5746: 10409.0
GCC5747: 4424.0
GCC5748: 3180.0
GCC5749: 3077.0
GCC5750: 3255.0
GCC61826: -1370.0
GCC61827: -2055.0
GCC61828: -1370.0
GCC61829: -1370.0"
1813145,GCC393361,GCC41150,78/XM FB SNWM SUB400 DSPLY,Co-Pack Finished Good,1700,0,1700,2019-Jun-18 09:00 PM,Open,False,"GCC0500: 32337.61
GCC1706: 5014777.0
GCC2269: 44742.0
GCC3273: 28164.0
GCC3274: 10260.0
GCC41104: -3683.3900000000003
GCC41156: -3683.3900000000003
GCC41157: -3683.3900000000003
GCC5222: 4380.0
GCC5347: 6364.0"
1813144,GCC393481,GCC40632,10/8.51 XM CAR TRIO SUB400 WM,Co-Pack Finished Good,10000,0,10000,2019-Jun-17 09:00 PM,Open,False,"GCC0500: 32554.61
GCC101412: 29726.0
GCC101413: 42033.0
GCC102149: -100000.0
GCC1706: 4998177.0
GCC3737: 61.349999999999994
GCC77074: 169983.0
GCC77075: 96508.0
GCC77076: 14604.0"
1813143,GCC393602,GCC40607,12/4oz XM PBK FB SNWM SUB200,Co-Pack Finished Good,16440,0,16440,2019-Jun-30 12:00 AM,Open,False,"GCC0500: 32543.958000000002
GCC100611: 68656.0
GCC100612: 108077.0
GCC101408: 38557.0
GCC1706: 4985297.0
GCC3737: 41.894
GCC73048: -4734.719999999999"
1813142,GCC393527,GCC41186,6/14.8oz XM AST SQ SUB550,Co-Pack Finished Good,20485,20485,0,2019-Jun-19 09:00 PM,Closed,True,"GCC0500: 32336.522
GCC102136: 5640.0
GCC1706: 4977207.0
GCC3737: 56.768
GCC5252: 6129.0
GCC70077: 43944.132
GCC73037: 36664.64200000001
GCC77074: 169216.44
GCC77082: 83852.44"
1813141,GCC393604,GCC40788,5/8.6oz ASST LG SQ SUB,Co-Pack Finished Good,7000,0,7000,2019-Jul-20 09:00 PM,Open,True,"GCC0500: 32712.91
GCC101504: 37560.0
GCC101631: 154500.0
GCC1706: 5004177.0
GCC3737: 74.35
GCC70077: 45374.7
GCC77074: 170763.0
GCC77076: 15184.0"
1813140,GCC393706,GCC41184,12/7.9oz XM AST HOL SUB400,Co-Pack Finished Good,25258,0,25258,2019-Jun-20 12:00 AM,Open,False,"GCC0500: 32277.6564
GCC102145: -303096.0
GCC1706: 4967661.0
GCC3737: 20.730800000000002
GCC5139: 74063.0
GCC70056: -3364.3656000000005
GCC73037: 35119.34440000001
GCC77106: -3637.1519999999996"
1813139,GCC393640,GCC40890,5/5.32oz DK CAR SQ SUB SRC,Co-Pack Finished Good,5000,0,5000,2019-Jun-14 09:00 PM,Booked,True,"GCC0500: 32739.11
GCC101508: 81444.0
GCC101634: 64315.0
GCC1706: 5008177.0
GCC2895: 8791.72
GCC3737: 76.35
GCC77075: 97008.0"
1813138,GCC393790,GCC62557,6/5.85oz MKCAR SUB PDQ (Can),Co-Pack Finished Good,6747,0,6747,2019-Jun-17 09:00 PM,Booked,False,"GCC0500: 32716.0557
GCC100245: 28686.0
GCC100246: -1462.0
GCC101643: 12699.0
GCC1706: 5004683.0
GCC3737: 73.25359999999999
GCC77074: 170292.396"
1813137,GCC393793,GCC62558,6/5.32 DKSSCar SUB PDQ(CAN),Co-Pack Finished Good,5411,0,5411,2019-Jun-17 09:00 PM,Open,False,"GCC0500: 32725.274100000002
GCC100245: 30022.0
GCC100246: -126.0
GCC101642: 97834.0
GCC1706: 5007355.0
GCC3737: 74.85679999999999
GCC77076: 14954.68"
1813136,GCC394137,GCC40889,5/5.32oz DK RASP SUB SRC,Co-Pack Finished Good,19000,11249,7751,2019-Jun-12 09:00 PM,Booked,True,"GCC0500: 32673.31
GCC101508: 67444.0
GCC102507: 579702.0
GCC1706: 4980177.0
GCC2895: 8531.32
GCC3737: 62.349999999999994
GCC77083: 194653.0"
1813134,GCC394373,GCC41270,12/4.1oz XM DUO FB SNWM SUB200,Co-Pack Finished Good,5000,0,5000,2019-Jun-17 09:00 PM,Open,False,"GCC0500: 32696.11
GCC100611: 80096.0
GCC100612: 119517.0
GCC102674: -60000.0
GCC1706: 5008177.0
GCC3737: 69.35
GCC73048: -720.0
GCC73092: -720.0
GCC8285: 93549.5"
1813133,GCC394371,GCC41013,46/XM ASST BAR SDK WG,Co-Pack Finished Good,3300,1818,1482,2019-Jun-17 09:00 PM,Booked,False,"GCC0500: 32684.07
GCC100173: -869.0
GCC100174: 8004.0
GCC100175: 3688.0
GCC1706: 5011577.0
GCC2565: 2599.0
GCC2817: 6348.0
GCC3474: 3122.0
GCC40434: 14916.0
GCC60721: 11236.0
GCC60725: 16782.0
GCC60764: 35577.770000000004
GCC61175: 42108.0
GCC61422: 5642.5
GCC61423: 11210.5
GCC61526: 28251.89
GCC7956: -3203.0"
1813132,GCC394375,GCC41292,120/XM CHK TWR DSPLY CVS,Co-Pack Finished Good,3510,0,3510,2019-Aug-20 09:00 PM,Open,False,"GCC0500: 32373.0
GCC101946: 355.0
GCC101949: -90.0
GCC102712: 1980.0
GCC102713: 855.0
GCC102714: 265.0
GCC102715: 428.0
GCC102716: 855.0
GCC102717: 2930.0
GCC1706: 5011157.0
GCC40239: -3510.0
GCC40607: -5265.0
GCC40891: -6318.0
GCC41235: -5265.0
GCC41238: -2632.5
GCC61801: -3510.0
GCC61864: 2018.0"
1813131,GCC394376,GCC41293,36/XM BAR WING DSPLY CVS,Co-Pack Finished Good,2500,0,2500,2019-Jun-17 09:00 PM,Open,False,"GCC0500: 32731.36
GCC100476: -10000.0
GCC1706: 5013177.0
GCC4340: 14208.0
GCC4341: -2500.0
GCC4342: -2500.0
GCC4356: -2500.0
GCC60721: 10802.75
GCC60764: 35286.130000000005
GCC61422: 4067.5
GCC7956: 897.0
GCC8285: 93691.0"
1813129,GCC394562,GCC40256,12/4.1oz XM MED PBK WIN GIFT,Co-Pack Finished Good,4265,0,4265,2019-Jun-17 09:00 PM,Open,False,"GCC0500: 32696.929
GCC100459: 32828.0
GCC100461: 6962.0
GCC101511: 29040.0
GCC1706: 5009647.0
GCC3480: 434813.0
GCC5162: 95845.0
GCC5163: 131476.0
GCC73037: 37915.61200000001
GCC73038: -378.732"
1813128,GCC394641,GCC41235,12/4.6oz XM PBK SUB200,Co-Pack Finished Good,27625,23838,3787,2019-Jun-20 12:00 AM,Booked,False,"GCC0500: 32395.197500000002
GCC100611: 57471.0
GCC100612: 96892.0
GCC102427: -322945.0
GCC1706: 4962927.0
GCC3737: 15.049999999999997
GCC73037: 31754.260000000006
GCC8285: 92343.5875"
1813127,GCC394702,GCC83130,12/80ct SNWFLK ASST FG,Retail Packaging,573,0,573,2019-Jun-14 09:00 PM,Open,False,"GCC0500: 32738.7159
GCC102484: 9.123999999999999
GCC1706: 5017031.0
GCC70077: 45622.929599999996
GCC70858: -152.64720000000003
GCC77073: 1711.728
GCC77074: 171004.224
GCC77076: 15452.728
GCC77082: 85667.728
GCC77083: 196401.728
GCC84859: -6.876
GCC84954: -6876.0
GCC84976: -6876.0
GCCS-4643: 5452.0"
1813126,GCC394701,GCC84887,48/Clutch Pbark 19 FG,Co-Pack Finished Good,125,124,1,2019-Jun-19 09:00 PM,Closed,False,"GCC0500: 32754.7975
GCC102292: -5.0
GCC1706: 5017927.0
GCC3480: 525173.0
GCC73037: 38372.71000000001
GCC84241: 1999.4375
GCC84886: -6000.0
GCCS-4643: 5900.0"
1813125,GCC394728,GCC83413,12/80ct Everyday Asst FG,Retail Packaging,1600,0,1600,2019-Jun-10 09:00 PM,Booked,False,"GCC0500: 32695.89
GCC101972: 7.120000000000001
GCC1706: 5014977.0
GCC70077: 45371.52
GCC70858: -426.24000000000007
GCC77073: 1440.6
GCC77074: 170683.8
GCC77076: 15181.6
GCC77082: 85396.6
GCC77083: 196130.6
GCC84836: -18.05
GCC84858: -19089.0
GCC84948: -16189.0
GCCS-4643: 4425.0
GCC73073: 2541.78"
1813124,GCC394722,GCC84072,12/40ct Assorted FG,Retail Packaging,768,476,292,2019-Jun-19 09:00 PM,Closed,False,"GCC0500: 32738.5716
GCC101965: -1.216000000000001
GCC1706: 5016641.0
GCC70077: 45643.392
GCC70858: -119.80799999999999
GCC77073: 1770.84
GCC77074: 171072.408
GCC77076: 15511.84
GCC77082: 85726.84
GCC77083: 196460.84
GCC84805: -9.216000000000001
GCC84857: -5061.0
GCC84948: -6205.0
GCCS-4235: 8154.0"
1813123,GCC394720,GCC83786,16/Signature SM Blue Box FG 16,Retail Packaging,60,0,60,2019-Jun-17 09:00 PM,Booked,False,"GCC0500: 32761.83
GCC102236: 0.040000000000000036
GCC1706: 5018057.0
GCC77074: 171173.4
GCC77076: 15594.4
GCC83763: -0.384
GCC84775: -960.0
GCCS-4986: 487.0"
1813122,GCC394721,GCC84063,12/40ct Milk Choc Caramel FG,Retail Packaging,350,0,350,2019-Jul-14 09:00 PM,Open,False,"GCC0500: 32751.655
GCC101961: -4.2
GCC1706: 5017477.0
GCC77074: 170847.0
GCC84797: -2.1900000000000004
GCC84857: -45.0
GCC84947: -3000.0
GCCS-4235: 8572.0"
1813121,GCC394704,GCC83854,16/Ppmt Brk Keepsake Tin FG 16,Retail Packaging,240,240,0,2019-Jun-14 09:00 PM,Closed,False,"GCC0500: 32752.602
GCC101757: 1.1600000000000001
GCC1706: 5017697.0
GCC73037: 38234.83000000001
GCC83738: -72.0
GCC84112: 0.272
GCCS-4735: 1363.0"
1813120,GCC394705,GCC84636,48/Fall Clutch FG 18,Retail Packaging,74,71,3,2019-Jun-14 09:00 PM,Closed,False,"GCC0500: 32757.985
GCC102113: -2.322
GCC1706: 5018029.0
GCC3480: 530069.0
GCC70077: 45743.3088
GCC77074: 171161.688
GCC77106: -21.311999999999998
GCC84241: 1999.667
GCC84637: -2521.0
GCCS-4643: 5951.0"
1813119,GCC394760,GCC84063,12/40ct Milk Choc Caramel FG,Retail Packaging,350,249,101,2019-Jun-14 09:00 PM,Closed,False,"GCC0500: 32751.655
GCC101961: -4.2
GCC1706: 5017477.0
GCC77074: 170847.0
GCC84797: -2.1900000000000004
GCC84857: -45.0
GCC84947: -3000.0
GCCS-4235: 8572.0"
1813118,GCC394759,GCC83785,12/Gold Bar Tin FG 16,Retail Packaging,380,50,330,2019-Jun-14 09:00 PM,Closed,False,"GCC0500: 32758.126
GCC102127: -4.5600000000000005
GCC1706: 5017417.0
GCC77074: 171073.56
GCC82606: -7.120000000000001
GCC83715: -4560.0
GCC84241: 1999.62
GCC84305: -291.0
GCCS-4924: -64.0"
1813117,GCC394741,GCC84669,48/ID Clutch FG,Retail Packaging,28,0,28,2019-Jun-16 09:00 PM,Booked,False,"GCC0500: 32760.86
GCC1706: 5018121.0
GCC3480: 534485.0
GCC70124: 153818.4736
GCC76091: -6.1823999999999995
GCC76123: -4.166399999999999
GCC77062: -4.166399999999999
GCC84241: 1999.874
GCC84670: -1344.0
GCC84752: -1.344
GCCS-4643: 5997.0"
1813116,GCC394758,GCC83778,12/80ct San Francisco FG 16,Retail Packaging,168,0,168,2019-Jun-14 09:00 PM,Booked,False,"GCC0500: 32760.1404
GCC101973: 1.984
GCC1706: 5017841.0
GCC70077: 45722.073599999996
GCC70858: -44.7552
GCC77073: 1818.648
GCC77074: 171130.584
GCC77076: 15559.648
GCC77082: 85774.648
GCC77083: 196508.648
GCC83681: -20.16
GCC84859: -2.016
GCC84948: 995.0
GCCS-4643: 5857.0"
1813114,GCC394756,GCC83499,25/Rd Acte Bx w Gld Bow 15 FG,Retail Packaging,180,0,180,2019-Aug-15 09:00 PM,Open,False,"GCC0500: 32757.606
GCC102107: 7.5
GCC1706: 5017817.0
GCC70077: 45746.549999999996
GCC77074: 171147.0
GCC77076: 15586.0
GCC77082: 85801.0
GCC77083: 196535.0
GCC84241: 1999.46
GCC84861: -4500.0
GCCS-4530: 3185.0"
1813113,GCC394754,GCC82327,24/Wooden Cable Car FG,Retail Packaging,67,0,67,2019-Jun-14 09:00 PM,Booked,False,"GCC0500: 32760.131
GCC102126: 16.392
GCC1706: 5018043.0
GCC70077: 45751.3008
GCC70858: -11.8992
GCC77074: 171173.352
GCC77082: 85809.352
GCC80876: -67.05359999999999
GCC83762: -1.608
GCCS-4317: 1307.0"
1813112,GCC394743,GCC83028,12/80ct Mk &amp; Cml Sqrs Bag FG,Retail Packaging,312,0,312,2019-Jul-14 09:00 PM,Open,False,"GCC0500: 32749.5996
GCC101970: 1.2559999999999998
GCC1706: 5017553.0
GCC77074: 170583.96
GCC84789: -3.744
GCC84858: -3633.0
GCC84947: -2544.0
GCCS-4643: 5713.0"
1813111,GCC394746,GCC83623,24/CableCar Postcard Tin FG 16,Retail Packaging,40,0,40,2019-Jun-14 09:00 PM,Booked,False,"GCC0500: 32762.59
GCC102109: 0.040000000000000036
GCC1706: 5018173.668
GCC77074: 171177.24
GCC77076: 15598.24
GCC82606: 0.08000000000000007
GCC84241: 1999.92
GCC84779: -960.0
GCCS-4084: 588.0"
1813109,GCC394853,GCC41111,10/9oz XM MCAR SUB400 WM,Co-Pack Finished Good,14600,0,14600,2019-Jun-27 09:00 PM,Booked,False,"GCC0500: 32458.93
GCC101412: 25126.0
GCC101413: 37433.0
GCC102231: 273000.0
GCC1706: 4988977.0
GCC3737: 52.14999999999999
GCC77091: -4964.0"
1813108,GCC394973,GCC40926,280/14/24.6oz ED ASST SUB-710,Co-Pack Finished Good,160,160,0,2019-Jun-10 09:00 PM,Closed,False,"GCC101998: 4967.0
GCC102134: 10760.0
GCC102475: 105413.0
GCC102515: 22736.0
GCC2513: 16821.0
GCC3737: 72.38999999999999
GCC2618: -109.0
GCC70077: 44683.52
GCC77073: 787.8
GCC77074: 170018.2
GCC77076: 14528.8
GCC7754: 33704.0
GCC8516: 10433.0
GCC73073: 1782.74"
1813107,GCC394887,GCC61491,12/6.38oz RASP SQ SUB,Co-Pack Finished Good,2500,0,2500,2019-Jun-16 09:00 PM,Open,True,"GCC0500: 32737.11
GCC101654: 6375.0
GCC1706: 5013177.0
GCC3138: 28533.0
GCC3737: 75.35
GCC77083: 195833.0
GCC8285: 93714.0"
1813106,GCC394761,GCC84072,12/40ct Assorted FG,Retail Packaging,650,0,650,2019-Jun-10 09:00 PM,Open,False,"GCC0500: 32742.265
GCC101965: 0.20000000000000018
GCC1706: 5016877.0
GCC70077: 45661.799999999996
GCC70858: -101.4
GCC77073: 1785.0
GCC77074: 171089.4
GCC77076: 15526.0
GCC77082: 85741.0
GCC77083: 196475.0
GCC84805: -7.8
GCC84857: -3645.0
GCC84948: -4789.0
GCCS-4235: 8272.0"
1813105,GCC395041,GCC40258,12/5.3oz XM MED AST WIN GIFT,Co-Pack Finished Good,3593,1795,1798,2019-Jun-19 09:00 PM,Booked,False,"GCC0500: 32707.2778
GCC100460: -9592.0
GCC100461: 7634.0
GCC102154: -42020.0
GCC1706: 5010991.0
GCC3480: 450941.0
GCC5162: 111973.0
GCC5163: 147604.0
GCC77074: 170838.072
GCC77075: 97335.536
GCC77076: 15431.536
GCC77082: 85646.536"
1813104,GCC395128,GCC40896,3/15.77oz ASST SQ XL SUB SRC,Co-Pack Finished Good,22900,22900,0,2019-Jun-07 05:00 AM,Closed,False,"GCC0500: 32572.54
GCC101506: -2429.0
GCC101699: 263592.0
GCC1706: 4972377.0
GCC3737: 67.61
GCC70077: 44746.439999999995
GCC77074: 170083.8
GCC77082: 84719.8
GCC77083: 195453.8"
1813103,GCC395366,GCC41281,280/14/19.14 ED ID ASST SUB710,Co-Pack Finished Good,80,0,80,2019-Jun-16 09:00 PM,Booked,False,"GCC101998: 5047.0
GCC102134: 11000.0
GCC102490: 2675.0
GCC102596: 26800.0
GCC2513: 17141.0
GCC2618: -29.0
GCC3737: 76.86999999999999
GCC70124: 153080.08
GCC76091: -551.04
GCC76123: -586.88
GCC7754: 34024.0
GCC8516: 10513.0"
1813102,GCC395359,GCC40605,24/0.67 XM PBK FB SNWM SUB050,Co-Pack Finished Good,2282,0,2282,2019-Jun-16 09:00 PM,Open,False,"GCC0500: 32749.8308
GCC101411: 115844.0
GCC1706: 5013613.0
GCC3737: 75.8732
GCC4443: 72896.0
GCC4943: 66401.0
GCC73048: -219.072"
1813099,GCC395369,GCC41282,280/14/19.14 ID w/SSS SUB710,Co-Pack Finished Good,80,30,50,2019-Jun-16 09:00 PM,Booked,False,"GCC101998: 5047.0
GCC102081: 23525.0
GCC102134: 11000.0
GCC102491: 2840.0
GCC2513: 17141.0
GCC2618: -29.0
GCC3737: 76.86999999999999
GCC70124: 153120.4
GCC76091: -586.88
GCC76853: -586.88
GCC7754: 34024.0
GCC8516: 10513.0
GCC70091: 199954.6
GCC70853: 181491.6"
1813098,GCC395621,GCC62246,6/8.22oz LG SS Coll SUB,Co-Pack Finished Good,3500,0,3500,2019-Jun-16 09:00 PM,Booked,False,"GCC0500: 32739.86
GCC101627: 233850.0
GCC1706: 5011177.0
GCC3737: 77.14999999999999
GCC5138: 5436.0
GCC76853: -193.2
GCC76970: -69.69999999999999
GCC77076: 15310.0
GCC8219: 4571.7"
1813097,GCC395372,GCC41283,280/14/15.01 ID ASST SUB600,Co-Pack Finished Good,100,100,0,2019-Jun-16 09:00 PM,Closed,False,"GCC101998: 5027.0
GCC102082: -18313.0
GCC102134: 10940.0
GCC102516: 709.0
GCC2513: 17061.0
GCC2618: -49.0
GCC70124: 153100.8
GCC76091: -560.0
GCC76853: -560.0
GCC7754: 33944.0
GCC8516: 10493.0
GCC70091: 199987.0
GCC70853: 181524.0"
1813096,GCC395800,GCC41091,72/4FL ED MED SUB DSPLY,Co-Pack Finished Good,1100,878,222,2019-Jun-10 09:00 PM,Booked,False,"GCC0500: 32625.11
GCC101162: 3201.0
GCC101169: 6701.0
GCC101170: 9104.0
GCC101171: 30768.0
GCC101184: 4368.0
GCC101267: 2967.0
GCC102067: 2291.0
GCC102068: 4129.0
GCC102069: 3438.0
GCC102362: 3104.0
GCC1706: 5015977.0
GCC61857: -710.0
GCC61862: 1088.0599999999995
GCC61864: 2883.0
GCC61866: 1131.0"
1813095,GCC395798,GCC40815,192ct M&C IMPULSE SHIPPER,Co-Pack Finished Good,408,407,1,2019-Jun-19 09:00 PM,Closed,False,"GCC0500: 32733.4788
GCC101348: 3010.0
GCC101349: 8223.0
GCC101350: 2793.0
GCC101794: 2372.0
GCC1706: 5017361.0
GCC40763: -816.0
GCC7956: 2581.0"
1813094,GCC395921,GCC84907,12/80ct WntrVilg FG 19,Retail Packaging,938,0,938,2019-Jun-20 12:00 AM,Open,False,"GCC0500: 32723.4954
GCC102295: 0.7439999999999998
GCC1706: 5016301.0
GCC70077: 45533.5776
GCC70858: -249.88320000000002
GCC77073: 1615.368
GCC77074: 170890.344
GCC77076: 15356.368
GCC77082: 85571.368
GCC77083: 196305.368
GCC84859: -11.256
GCC84908: -11256.0
GCC84951: -11256.0
GCCS-4643: 5087.0"
1813093,GCC395951,GCC61534,280/10/15.01 XL-C ID SSS SUB,Co-Pack Finished Good,11,0,11,2019-Jun-15 09:00 PM,Open,False,"GCC102082: 6607.0
GCC102125: -308.0
GCC1706: 5018155.0
GCC2490: 9894.0
GCC2513: 17417.0
GCC2618: 40.0
GCC2863: 24017.0
GCC4330: 6321.0
GCC4730: 2485.0
GCC5470: 4345.0
GCC70124: 153746.228
GCC76091: -61.599999999999994
GCC76853: -61.599999999999994
GCC7754: 34300.0
GCC8516: 10582.0"
1813092,GCC396171,GCC40166,6/4.3oz MK SS ALM mini SUB,Co-Pack Finished Good,7000,0,7000,2019-Jun-27 09:00 PM,Booked,False,"GCC0500: 32736.71
GCC100309: 45648.0
GCC100424: 52329.0
GCC1706: 5004177.0
GCC3737: 72.94999999999999
GCC75963: -680.4
GCC8285: 93712.4"
1813091,GCC396040,GCC61121,12/7.06oz XMS PBARK SUB (CAN),Co-Pack Finished Good,3432,0,3432,2019-Jun-15 09:00 PM,Booked,False,"GCC0500: 32696.7156
GCC101346: -4884.0
GCC1706: 5011313.0
GCC2318: 717.0
GCC3737: 73.11319999999999
GCC73037: 37190.532400000004"
1813088,GCC396198,GCC40928,45/MXD ED XL SUB DSPLY,Co-Pack Finished Good,290,0,290,2019-Jun-15 09:00 PM,Open,False,"GCC0500: 32690.11
GCC100208: 1660.0
GCC100209: 5446.0
GCC100211: 2087.0
GCC100212: 1365.0
GCC100213: 6892.0
GCC100214: 7426.0
GCC100215: 1746.0
GCC100409: 2802.0
GCC102077: -290.0
GCC1706: 5017597.0
GCC40041: -483.343
GCC62273: -966.6569999999999
GCC62274: -725.0"
1813087,GCC396311,GCC41156,12/5.7oz XM PBK FB SNWM SUB400,Co-Pack Finished Good,9890,0,9890,2019-Jun-20 12:00 AM,Open,False,"GCC0500: 32572.722
GCC101410: 116470.0
GCC1706: 4998397.0
GCC3737: 57.614
GCC5139: 89431.0
GCC73048: -4035.12"
1813086,GCC396314,GCC61946,24/1.06oz XM MCAR SUB050,Co-Pack Finished Good,12785,184,12601,2019-Jun-19 09:00 PM,Booked,True,"GCC0500: 32691.014
GCC102156: 203664.0
GCC1706: 4992607.0
GCC3737: 50.666
GCC4443: 62393.0
GCC4943: 55898.0
GCC77074: 169955.64"
1813085,GCC396312,GCC41185,12/8.6oz XM AST CLA SUB400,Co-Pack Finished Good,7852,7852,0,2019-Jun-15 09:00 PM,Booked,False,"GCC0500: 32611.8516
GCC102148: -47123.0
GCC1706: 5002473.0
GCC3737: 62.505199999999995
GCC5139: 91469.0
GCC70077: 44717.313599999994
GCC77074: 170052.312
GCC77082: 84688.312"
1813083,GCC396431,GCC61979,1/26.6oz Mk Car SQ 50ct CDY,Co-Pack Finished Good,22000,0,22000,2019-Jun-15 09:00 PM,Booked,True,"GCC0456: 125.8
GCC101601: 5968.0
GCC1706: 4974177.0
GCC4430: 10971.0
GCC77074: 168939.0
GCC8516: 10542.4"
1813082,GCC396420,GCC40470,200/10/18.1oz XL-C Gold Sams,Co-Pack Finished Good,200,0,200,2019-Jun-15 09:00 PM,Booked,False,"GCC100652: 3102.0
GCC101708: 231520.0
GCC2490: 9138.0
GCC2513: 16661.0
GCC2618: -149.0
GCC2843: 162.0
GCC2863: 20325.0
GCC3737: 73.35
GCC4730: 1729.0
GCC6039: 8082.0
GCC70077: 45023.2
GCC70858: -740.0
GCC77074: 170383.0
GCC77076: 14804.0
GCC7754: 33544.0
GCC8516: 10393.0"
1813080,GCC396499,GCC62313,24/1.0oz DK SS CAR XSML PDQ,Co-Pack Finished Good,1919,0,1919,2019-Jun-15 09:00 PM,Open,False,"GCC0500: 32751.8636
GCC101716: 65702.0
GCC1706: 5014339.0
GCC3737: 76.7444
GCC4799: -1919.0
GCC4943: 66764.0
GCC77076: 15419.776"
1813079,GCC396544,GCC41281,280/14/19.14 ED ID ASST SUB710,Co-Pack Finished Good,30,0,30,2019-Jun-15 09:00 PM,Open,False,"GCC101998: 5097.0
GCC102134: 11150.0
GCC102490: 3675.0
GCC102596: 40800.0
GCC2513: 17341.0
GCC2618: 21.0
GCC3737: 79.66999999999999
GCC70124: 153546.28
GCC76091: -206.64
GCC76123: -220.08
GCC7754: 34224.0
GCC8516: 10563.0"
1813078,GCC396545,GCC41282,280/14/19.14 ID w/SSS SUB710,Co-Pack Finished Good,30,0,30,2019-Jun-15 09:00 PM,Booked,False,"GCC101998: 5097.0
GCC102081: 37525.0
GCC102134: 11150.0
GCC102491: 3840.0
GCC2513: 17341.0
GCC2618: 21.0
GCC3737: 79.66999999999999
GCC70124: 153561.4
GCC76091: -220.08
GCC76853: -220.08
GCC7754: 34224.0
GCC8516: 10563.0
GCC70091: 200396.1
GCC70853: 181933.1"
